<?xml version="1.0" encoding="UTF-8"?>
<project-private xmlns="http://www.netbeans.org/ns/project-private/1">
    <editor-bookmarks xmlns="http://www.netbeans.org/ns/editor-bookmarks/2" lastBookmarkId="0"/>
    <open-files xmlns="http://www.netbeans.org/ns/projectui-open-files/2">
        <group>
            <file>file:/C:/Users/HENRY/Documents/NetBeansProjects/datos/src/datos/EliminarUsuario.java</file>
            <file>file:/C:/Users/HENRY/Documents/NetBeansProjects/datos/src/datos/EstudiantePanel.java</file>
            <file>file:/C:/Users/HENRY/Documents/NetBeansProjects/datos/src/datos/LoginForm.java</file>
            <file>file:/C:/Users/HENRY/Documents/NetBeansProjects/datos/src/datos/LoginManager.java</file>
            <file>file:/C:/Users/HENRY/Documents/NetBeansProjects/datos/src/datos/Asignatura.java</file>
            <file>file:/C:/Users/HENRY/Documents/NetBeansProjects/datos/src/datos/Principal.java</file>
            <file>file:/C:/Users/HENRY/Documents/NetBeansProjects/datos/src/datos/Docente.java</file>
            <file>file:/C:/Users/HENRY/Documents/NetBeansProjects/datos/src/datos/conexion.java</file>
            <file>file:/C:/Users/HENRY/Documents/NetBeansProjects/datos/src/datos/Admin.java</file>
            <file>file:/C:/Users/HENRY/Documents/NetBeansProjects/datos/src/datos/MenuDocente.java</file>
            <file>file:/C:/Users/HENRY/Documents/NetBeansProjects/datos/src/datos/MostrarAsig.java</file>
            <file>file:/C:/Users/HENRY/Documents/NetBeansProjects/datos/src/datos/AdministradorDelSistema.java</file>
            <file>file:/C:/Users/HENRY/Documents/NetBeansProjects/datos/src/datos/Rol.java</file>
            <file>file:/C:/Users/HENRY/Documents/NetBeansProjects/datos/src/datos/AñadirAsignaturas.java</file>
            <file>file:/C:/Users/HENRY/Documents/NetBeansProjects/datos/src/datos/AñadirEstudiante.java</file>
            <file>file:/C:/Users/HENRY/Documents/NetBeansProjects/datos/src/datos/Calificacion.java</file>
            <file>file:/C:/Users/HENRY/Documents/NetBeansProjects/datos/src/datos/Carrera.java</file>
            <file>file:/C:/Users/HENRY/Documents/NetBeansProjects/datos/src/datos/CarreraAdmin.java</file>
            <file>file:/C:/Users/HENRY/Documents/NetBeansProjects/datos/src/datos/NewJFrame.java</file>
            <file>file:/C:/Users/HENRY/Documents/NetBeansProjects/datos/src/datos/Estudiante.java</file>
            <file>file:/C:/Users/HENRY/Documents/NetBeansProjects/datos/src/datos/AñadirDocente.java</file>
            <file>file:/C:/Users/HENRY/Documents/NetBeansProjects/datos/src/datos/Usuario.java</file>
            <file>file:/C:/Users/HENRY/Documents/NetBeansProjects/datos/src/datos/Sistema.java</file>
        </group>
    </open-files>
</project-private>
